Workbook

Sheet Site List
A1: Illuminate1 (NCT07494305) — Clinical Trial Site Locations
A2: Source: ClinicalTrials.gov NCT07494305 | 26 sites, 13 states | All sites Recruiting
A3: # | B3: Facility | C3: City | D3: State | E3: ZIP | F3: Status | G3: Primary Contact | H3: Phone | I3: Email | J3: Latitude | K3: Longitude
A4: 1 | B4: Pillar Clinical Research | C4: Bentonville | D4: Arkansas | E4: 72712 | F4: Recruiting | G4: Fayz Hudefi, MD | H4: 479-367-2688 | I4: studies@pillarhc.com | J4: 36.37285 | K4: -94.20882
A5: 2 | B5: Pillar Clinical Research | C5: Little Rock | D5: Arkansas | E5: 72204 | F5: Recruiting | G5: Leslie Smith, MD | H5: 501-307-1919 | I5: studies@pillarhc.com | J5: 34.74648 | K5: -92.28959
A6: 3 | B6: CenExel | C6: Bellflower | D6: California | E6: 90706 | F6: Recruiting | G6: Maria Nunez Perez | H6: 866-478-8391 | I6: m.nunezperez@cenexel.com | J6: 33.88168 | K6: -118.11701
A7: 4 | B7: ProScience Research Group | C7: Culver City | D7: California | E7: 90230 | F7: Recruiting | G7: Paola Aguirre | H7: 424-227-8127 | I7: paola.aguirre@proscienceerg.com | J7: 34.02112 | K7: -118.39647
A8: 5 | B8: CenExel | C8: Garden Grove | D8: California | E8: 922845 | F8: Recruiting | G8: Dakota Gainers | H8: 714-943-5874 | I8: d.gainers@cenexel.com | J8: 33.77391 | K8: -117.94145
A9: 6 | B9: Synergy San Diego | C9: Lemon Grove | D9: California | E9: 91945 | F9: Recruiting | G9: Corey Weise | H9: 619-303-6130 | I9: cweise@ergclinical.com | J9: 32.74255 | K9: -117.03142
A10: 7 | B10: NRC Research Institute | C10: Los Angeles | D10: California | E10: 90015 | F10: Recruiting | G10: Abigail Parera | H10: 213-992-9216 | I10: aparera@nrcresearch.com | J10: 34.05223 | K10: -118.24368
A11: 8 | B11: NRC Research Institute | C11: Orange | D11: California | E11: 92868 | F11: Recruiting | G11: Abigail Parera | H11: 714-943-5874 | I11: aparera@nrcresearch.com | J11: 33.78779 | K11: -117.85311
A12: 9 | B12: CenExel | C12: Riverside | D12: California | E12: 92506 | F12: Recruiting | G12: Maria Nunez Perez | H12: 866-478-2688 | I12: m.nunezperez@cenexel.com | J12: 33.95335 | K12: -117.39616
A13: 10 | B13: CenExel | C13: Torrance | D13: California | E13: 90504 | F13: Recruiting | H13: 844-424-9494 | I13: ns.outreach@cenexel.com | J13: 33.83585 | K13: -118.34063
A14: 11 | B14: St. Jude Clinical Research | C14: Doral | D14: Florida | E14: 33172 | F14: Recruiting | H14: 305-507-2273 | I14: slinares@stjudeclinicalresearch.com | J14: 25.81954 | K14: -80.35533
A15: 12 | B15: Cenexel Hollywood Florida | C15: Hollywood | D15: Florida | E15: 33019 | F15: Recruiting | G15: Edwin Gomez, MD | H15: 954-990-7649 | I15: e.gomez@cenexel.com | J15: 26.0112 | K15: -80.14949
A16: 13 | B16: Innovative Clinical Research | C16: Miami Lakes | D16: Florida | E16: 33016 | F16: Recruiting | G16: Melissa Rodco | H16: 305-722-8444 | I16: mrodco@segaltrials.com | J16: 25.90871 | K16: -80.30866
A17: 14 | B17: Health Synergy Clinical Research | C17: West Palm Beach | D17: Florida | E17: 33407 | F17: Recruiting | G17: Katherine Grigelis | H17: 561-473-3472 | I17: kat@hscresearch.com | J17: 26.71534 | K17: -80.05337
A18: 15 | B18: Trialmed | C18: Atlanta | D18: Georgia | E18: 30328 | F18: Recruiting | G18: Jennifer Flemming | H18: 678-559-1119 | I18: jennifer.flemming@trialmed.com | J18: 33.749 | K18: -84.38798
A19: 16 | B19: Cenexel Decatur GA | C19: Decatur | D19: Georgia | E19: 30030 | F19: Recruiting | G19: Katherine Prowse | H19: 404-537-1281 | I19: k.prowse@cenexel.com | J19: 33.77483 | K19: -84.29631
A20: 17 | B20: Pillar Clinical Research | C20: Chicago | D20: Illinois | E20: 60641 | F20: Recruiting | G20: Roueen Rafeyan, MD | H20: 224-534-7332 | I20: studies@pillarhc.com | J20: 41.85003 | K20: -87.65005
A21: 18 | B21: NSRT | C21: Detroit | D21: Michigan | E21: 48203 | F21: Recruiting | G21: Tricia Harrison | H21: 248-575-1268 | I21: tricia@qcrnetwork.com | J21: 42.33143 | K21: -83.04575
A22: 19 | B22: Arch Clinical Trials | C22: St Louis | D22: Missouri | E22: 63141 | F22: Recruiting | G22: Israa Diab | H22: 314-266-1243 | I22: idiab@archclinicaltrials.com | J22: 38.62727 | K22: -90.19789
A23: 20 | B23: Redbird Research | C23: Las Vegas | D23: Nevada | E23: 89119 | F23: Recruiting | G23: Haley Lefever | H23: 702-577-2000 | I23: info@redbird-research.com | J23: 36.17497 | K23: -115.13722
A24: 21 | B24: Manhattan Behavioral Medicine | C24: New York | D24: New York | E24: 10036 | F24: Recruiting | G24: Judith Joseph, MD | H24: 646-678-4073 | I24: joseph@nymbm.com | J24: 40.71427 | K24: -74.00597
A25: 22 | B25: Neuro-Behavioral Clinical Research | C25: Canton | D25: Ohio | E25: 44720 | F25: Recruiting | G25: Crystal Blackford | H25: 330-493-1118 | I25: cblackford@nb-cr.com | J25: 40.79895 | K25: -81.37845
A26: 23 | B26: Adams Clinical | C26: Philadelphia | D26: Pennsylvania | E26: 19104 | F26: Recruiting | G26: Isabel Bear | H26: 267-207-2511 | I26: ibear@adamsclinical.com | J26: 39.95238 | K26: -75.16362
... A29: 26 | B29: Northwest Clinical Research Center | C29: Bellevue | D29: Washington | E29: 98007 | F29: Recruiting | G29: Kimberlee Wheeler | H29: 425-453-0404 | I29: kwheeler@nwcrc.net | J29: 47.61038 | K29: -122.20068

Sheet State Summary
A1: State | B1: Site Count | C1: % of Sites
A2: California | B2: =COUNTIF('Site List'!D:D,A2) -> 8 | C2: =B2/$B$15 -> 0.30769231
A3: Florida | B3: =COUNTIF('Site List'!D:D,A3) -> 4 | C3: =B3/$B$15 -> 0.15384615
A4: Arkansas | B4: =COUNTIF('Site List'!D:D,A4) -> 2 | C4: =B4/$B$15 -> 0.076923077
A5: Georgia | B5: =COUNTIF('Site List'!D:D,A5) -> 2 | C5: =B5/$B$15 -> 0.076923077
A6: Texas | B6: =COUNTIF('Site List'!D:D,A6) -> 2 | C6: =B6/$B$15 -> 0.076923077
A7: Illinois | B7: =COUNTIF('Site List'!D:D,A7) -> 1 | C7: =B7/$B$15 -> 0.038461538
A8: Michigan | B8: =COUNTIF('Site List'!D:D,A8) -> 1 | C8: =B8/$B$15 -> 0.038461538
A9: Missouri | B9: =COUNTIF('Site List'!D:D,A9) -> 1 | C9: =B9/$B$15 -> 0.038461538
A10: Nevada | B10: =COUNTIF('Site List'!D:D,A10) -> 1 | C10: =B10/$B$15 -> 0.038461538
A11: New York | B11: =COUNTIF('Site List'!D:D,A11) -> 1 | C11: =B11/$B$15 -> 0.038461538
A12: Ohio | B12: =COUNTIF('Site List'!D:D,A12) -> 1 | C12: =B12/$B$15 -> 0.038461538
A13: Pennsylvania | B13: =COUNTIF('Site List'!D:D,A13) -> 1 | C13: =B13/$B$15 -> 0.038461538
A14: Washington | B14: =COUNTIF('Site List'!D:D,A14) -> 1 | C14: =B14/$B$15 -> 0.038461538
A15: Total | B15: =SUM(B2:B14) -> 26 | C15: =B15/$B$15 -> 1
